date,via,lat,lon,alt,alt_max,tmp,hum,pss,count,rate
1688803252,DL7HMX-10,48.57846405863606,13.468306180202973,401.7264,401.7264,40,28,974.6,0,0
1688803313,DL7HMX-10,48.578429931272744,13.46833243202093,410.8704,410.8704,40.55555555555556,27,974.6,1,0.15
1688803374,DL7HMX-10,48.57846405863606,13.468269427657873,402.336,410.8704,40.55555555555556,27,974.6,2,-0.14
1688803434,DL7HMX-10,48.57842205572736,13.468306180202973,409.956,410.8704,41.666666666666664,27,974.6,3,0.13
1688803495,DL7HMX-10,48.57846930899965,13.46828517874863,398.9832,410.8704,42.22222222222222,28,974.4,4,-0.18
1688803555,DL7HMX-10,48.578450932727094,13.468269427657873,405.384,410.8704,38.888888888888886,32,974.4,5,0.11
1688803615,DL7HMX-10,48.578461433454265,13.46828517874863,399.8976,410.8704,36.11111111111111,32,974.5,6,-0.09
1688803675,DL7HMX-10,48.578450932727094,13.46833243202093,402.6408,410.8704,39.44444444444444,25,974.4,7,0.05
1688803735,DL7HMX-10,48.57843780681812,13.468243175839916,399.8976,410.8704,36.666666666666664,30,974.5,8,-0.05
1688803796,DL7HMX-10,48.578448307545294,13.468258926930702,405.6888,410.8704,35.55555555555556,31,974.5,9,0.1
1688803856,DL7HMX-10,48.578461433454265,13.46832193129373,406.6032,410.8704,36.11111111111111,31,974.4,10,0.02
1688803916,DL7HMX-10,48.57846930899965,13.468306180202973,406.2984,410.8704,35,29,974.2,11,-0.01
1688803977,DL7HMX-10,48.57846405863606,13.46832193129373,402.6408,410.8704,38.888888888888886,31,974.4,12,-0.06
1688804037,DL7HMX-10,48.57847718454503,13.46828517874863,395.3256,410.8704,37.77777777777778,29,974.5,13,-0.12
1688804226,DL7HMX-10,48.57846405863606,13.468243175839916,400.812,410.8704,33.888888888888886,34,974.5,17,0.05
1688804348,DL7HMX-10,48.57847718454503,13.46828517874863,399.8976,410.8704,32.77777777777778,35,974.7,19,0.05
1688804363,DL7HMX-10,48.57846405863606,13.468258926930702,398.9832,410.8704,33.333333333333336,34,974.5,20,-0.02
1688804423,DL7HMX-10,48.57846930899965,13.468269427657873,396.5448,410.8704,32.22222222222222,35,974.6,21,-0.04
1688804483,DL7HMX-10,48.57847455936324,13.468269427657873,395.9352,410.8704,33.888888888888886,35,974.6,22,-0.01
1688804604,DL7HMX-10,48.57847455936324,13.46828517874863,392.2776,410.8704,34.44444444444444,34,974.6,24,-0.06
1688804664,DL7HMX-10,48.57848768527221,13.46828517874863,395.0208,410.8704,35,33,974.7,25,0.05
1688804724,DL7HMX-10,48.57847718454503,13.468258926930702,395.6304,410.8704,33.888888888888886,33,974.7,26,0.01
1688804784,DL7HMX-10,48.578482434908615,13.46828517874863,396.8496,410.8704,34.44444444444444,33,974.7,27,0.02
1688804845,DL7HMX-10,48.57846405863606,13.46828517874863,397.764,410.8704,35,32,974.6,28,0.02
1688804905,DL7HMX-10,48.57846405863606,13.468269427657873,400.2024,410.8704,36.666666666666664,32,974.6,29,0.04
1688804965,DL7HMX-10,48.57846405863606,13.46828517874863,395.0208,410.8704,37.22222222222222,31,974.6,30,-0.09
1688805025,DL7HMX-10,48.578482434908615,13.468295679475801,398.3736,410.8704,37.77777777777778,29,974.6,31,0.06
1688805086,DL7HMX-10,48.57848768527221,13.468295679475801,394.716,410.8704,38.333333333333336,30,974.5,32,-0.06
1688805146,DL7HMX-10,48.57847455936324,13.468295679475801,396.8496,410.8704,36.666666666666664,31,974.6,33,0.04
1688805206,DL7HMX-10,48.578482434908615,13.468258926930702,392.5824,410.8704,35.55555555555556,30,974.6,34,-0.07
1688805266,DL7HMX-10,48.57842205572736,13.468180171476888,399.8976,410.8704,35,32,974.6,35,0.12
1688805327,DL7HMX-10,48.57849818599938,13.468306180202973,395.9352,410.8704,36.11111111111111,31,974.5,36,-0.07
1688805387,DL7HMX-10,48.57847718454503,13.46828517874863,394.4112,410.8704,36.666666666666664,30,974.6,37,-0.03
1688805447,DL7HMX-10,48.57846405863606,13.46828517874863,395.9352,410.8704,36.666666666666664,31,974.6,38,0.03
1688805507,DL7HMX-10,48.57846930899965,13.46828517874863,398.6784,410.8704,35.55555555555556,31,974.6,39,0.05
1688805567,DL7HMX-10,48.57847718454503,13.46828517874863,396.5448,410.8704,35.55555555555556,33,974.6,40,-0.04
1688805627,DL7HMX-10,48.57846405863606,13.468232675112745,396.8496,410.8704,36.666666666666664,31,974.5,41,0.01
1688805809,DL7HMX-10,48.57847455936324,13.468258926930702,392.8872,410.8704,38.333333333333336,29,974.5,44,-0.07
1688805870,DL7HMX-10,48.57848506009041,13.468295679475801,390.4488,410.8704,38.888888888888886,27,974.5,45,-0.04
1688805931,DL7HMX-10,48.57848768527221,13.46828517874863,396.8496,410.8704,39.44444444444444,28,974.6,46,0.11
1688805991,DL7HMX-10,48.57845880827247,13.468243175839916,395.3256,410.8704,40.55555555555556,27,974.5,47,-0.03
1688806052,DL7HMX-10,48.57847718454503,13.468269427657873,396.8496,410.8704,40,28,974.6,48,0.03
1688806112,DL7HMX-10,48.578448307545294,13.468232675112745,402.0312,410.8704,40,27,974.5,49,0.09
1688806173,DL7HMX-10,48.57846930899965,13.468269427657873,397.4592,410.8704,40.55555555555556,27,974.5,50,-0.08
1688806233,DL7HMX-10,48.57847718454503,13.46828517874863,397.764,410.8704,41.666666666666664,26,974.5,51,0.01
1688806293,DL7HMX-10,48.57846930899965,13.468269427657873,396.24,410.8704,41.11111111111111,26,974.5,52,-0.03
1688806349,DL7HMX-10,48.578450932727094,13.468306180202973,398.9832,410.8704,39.44444444444444,26,974.4,53,0.05
1688806410,DL7HMX-10,48.5784456823635,13.468474191837771,397.4592,410.8704,36.11111111111111,30,974.4,54,-0.03
1688806431,DL7HMX-10,48.5784036794548,13.468400686747543,398.3736,410.8704,35,31,974.4,55,0.02
1688806457,DL7HMX-10,48.57860844363472,13.468206423294816,401.7264,410.8704,33.888888888888886,32,974,56,0.06
1688806464,DL7HMX-10,48.57873707754262,13.468243175839916,418.4904,418.4904,33.333333333333336,32,971.9,57,0.28
1688806524,DL7HMX-10,48.57958238608023,13.468563448018784,616.6104,616.6104,30,35,950.2,58,3.3
1688806584,DL0POR-10,48.58046707234476,13.467487123483295,798.8808,798.8808,28.88888888888889,36,931.4,59,3.04
1688806596,DL7HMX-10,48.58062458325239,13.467308611121325,833.3232,833.3232,28.333333333333332,37,927.2,60,0.57
1688806657,DL5RAZ-10,48.58084509852307,13.465596992591742,1029.3096,1029.3096,25.555555555555554,41,906.1,61,3.27
1688806717,DK5RQ-10,48.5813018801552,13.463108320251166,1267.6632,1267.6632,23.88888888888889,43,881.1,62,3.97
1688806778,DK5RQ-10,48.58213143760205,13.459679832828414,1509.6744,1509.6744,22.77777777777778,32,856.8,63,4.03
1688806830,DK5RQ-10,48.582105185784116,13.457233163396552,1692.5544,1692.5544,22.22222222222222,32,838.1,64,3.05
1688806837,DL5RAZ-10,48.5821104361477,13.457096653943296,1719.0720000000001,1719.0720000000001,22.22222222222222,32,835.5,65,0.44
1688806866,OK0EB-10,48.58215243905641,13.456813134309556,1830.6288000000002,1830.6288000000002,21.11111111111111,34,824.5,66,1.86
1688806876,DL5RAZ-10,48.582233819692014,13.456802633582384,1869.6432000000002,1869.6432000000002,20.555555555555554,33,820.9,67,0.65
1688806916,OK0EB-10,48.58256196741625,13.45703364958024,2017.1664,2017.1664,19.444444444444443,35,806.3,68,2.46
1688806976,OK0EB-10,48.58259346959777,13.459207300105533,2250.3384,2250.3384,18.333333333333332,40,784.1,69,3.89
1688807037,OK0EB-10,48.58258821923418,13.463712112063774,2496.3120000000004,2496.3120000000004,17.22222222222222,42,761.5,70,4.1
1688807098,DK5RQ-10,48.58224957078278,13.467786394207792,2741.9808000000003,2741.9808000000003,16.666666666666668,14,739,71,4.09
1688807158,OK0EB-10,48.581467266608215,13.471613909263226,2993.4408000000003,2993.4408000000003,15.555555555555555,14,717.2,72,4.19
1688807218,DO5MKK-15,48.580860849613835,13.475362668864818,3243.9864000000002,3243.9864000000002,14.444444444444445,13,695.4,73,4.18
1688807279,OK0EB-10,48.57953775798974,13.479883231913817,3509.1624,3509.1624,12.777777777777777,17,673.2,74,4.42
1688807339,DO5MKK-15,48.57830654772843,13.483731748423565,3764.28,3764.28,11.666666666666666,20,652.2,75,4.25
1688807400,DK5RQ-10,48.57834855063713,13.487160235846346,4037.9904,4037.9904,8.88888888888889,24,630.4,76,4.56
1688807460,OK1JRA-15,48.57929099090112,13.49039971017993,4326.636,4326.636,8.333333333333334,18,608.3,77,4.81
1688807520,DO5MKK-15,48.58132813197314,13.492946136519947,4602.7848,4602.7848,9.444444444444445,14,587.4,78,4.6
1688807581,OK1JRA-15,48.583703921496564,13.495051532318627,4880.457600000001,4880.457600000001,9.444444444444445,16,567,79,4.63
1688807641,OK0EB-10,48.58652074156135,13.497529703932003,5163.312,5163.312,8.88888888888889,16,546.8,80,4.71
1688807702,OK0EB-10,48.58923255435439,13.501582984621677,5447.9952,5447.9952,5,16,527.4,81,4.74
1688807762,OK1JRA-15,48.59230664223497,13.505174233315671,5728.106400000001,5728.106400000001,-0.5555555555555556,16,507.7,82,4.67
1688807823,OK0EB-10,48.595336102025065,13.50847671201231,6014.0088000000005,6014.0088000000005,-1.1111111111111112,23,489.1,83,4.77
1688807884,OK9TVR-14,48.597746018911806,13.511112394533313,6279.1848,6279.1848,-3.888888888888889,33,472.3,84,4.42
1688807944,OK0EB-10,48.599943296073256,13.51589547576171,6556.2480000000005,6556.2480000000005,-6.666666666666666,33,455.1,85,4.62
1688808005,OK1JRA-15,48.601455400786506,13.519943506087799,6840.9312,6840.9312,-2.2222222222222223,27,438.2,86,4.74
1688808066,OK0EB-10,48.60136876978731,13.525046859495006,7107.3264,7107.3264,-2.2222222222222223,21,422.3,87,4.44
1688808126,DO5MKK-15,48.600090306253705,13.533846468867978,7395.3624,7395.3624,-6.111111111111111,23,406.3,88,4.8
1688808187,OK0EB-10,48.599108488262814,13.543496637142113,7630.668000000001,7630.668000000001,-11.11111111111111,20,393.3,89,3.92
1688808247,OK1JRA-15,48.598360311451565,13.550883898709998,7859.877600000001,7859.877600000001,-7.222222222222222,18,381.2,90,3.82
1688808308,OK0EB-10,48.5976226353675,13.559751762809583,8052.816000000001,8052.816000000001,-11.666666666666666,18,371.3,91,3.22
1688808368,OK0EB-10,48.59631004447058,13.570247239621352,8314.3344,8314.3344,-13.333333333333332,19,357.8,92,4.36
1688808429,OK0EB-10,48.59405763849146,13.581640528606613,8576.4624,8576.4624,-17.22222222222222,21,345,93,4.37
1688808489,OK1JRA-15,48.59168972451342,13.59379512031208,8842.552800000001,8842.552800000001,-19.444444444444443,23,332.1,94,4.43
1688808549,OK1JRA-15,48.58742117891664,13.608391131085824,9147.6576,9147.6576,-20.555555555555554,25,317.9,95,5.09
1688808610,OK0EB-10,48.5832208880465,13.624992780750063,9429.292800000001,9429.292800000001,-22.77777777777778,24,305.3,96,4.69
1688808671,OK1JRA-15,48.57843255645454,13.644093603482048,9700.26,9700.26,-26.11111111111111,25,293.5,97,4.52
1688808731,OL7M-10,48.57439502685561,13.666706919454185,9922.459200000001,9922.459200000001,-24.444444444444443,21,284.1,98,3.7
1688808792,OK1JRA-15,48.57044675343768,13.690144542509557,10122.103200000001,10122.103200000001,-25.555555555555554,19,275.9,99,3.33
1688808852,OK1JRA-15,48.567068144469005,13.713760677926956,10362.8952,10362.8952,-23.333333333333332,18,266.2,100,4.01
1688808912,OK1JRA-15,48.56364753259163,13.735759701359314,10590.276,10590.276,-25.555555555555554,16,257.2,101,3.79
1688808973,OK0EB-10,48.559100717724704,13.758331014422737,10769.4984,10769.4984,-26.666666666666664,15,250.4,102,2.99
1688809033,OK0EB-10,48.553858229682405,13.780498049489921,10955.1216,10955.1216,-28.333333333333332,15,243.4,103,3.09
1688809094,OK0EB-10,48.54790956773756,13.802875099100618,11159.0328,11159.0328,-28.88888888888889,15,236,104,3.4
1688809154,OK0EB-10,48.54212104188215,13.822994492368593,11362.944000000001,11362.944000000001,-27.22222222222222,15,228.6,105,3.4
1688809215,DK5RQ-10,48.53702293883851,13.841144999291203,11564.4168,11564.4168,-28.333333333333332,15,221.8,106,3.36
1688809276,OK1JRA-15,48.53402498122995,13.857867407317968,11764.365600000001,11764.365600000001,-30,14,215.1,107,3.33
1688809336,OK1JRA-15,48.53441613331723,13.875681890970952,12031.3704,12031.3704,-30.555555555555554,14,206.6,108,4.45
1688809396,OK9TVR-14,48.533754587505186,13.896027049873197,12247.168800000001,12247.168800000001,-31.11111111111111,14,200,109,3.6
1688809456,OK0DV-10,48.53241049442674,13.916592724046154,12434.6208,12434.6208,-32.77777777777778,13,194.3,110,3.12
1688809517,DO5MKK-15,48.52800543937668,13.93777794112242,12620.244,12620.244,-32.22222222222222,13,189,111,3.09
1688809577,OK0EB-10,48.52265794406263,13.95702577403486,12820.1928,12820.1928,-32.77777777777778,13,183.3,112,3.33
1688809638,OK1JRA-15,48.51697442547896,13.971301512629736,13010.388,13010.388,-30,13,178.2,113,3.17
1688809699,OK1KHL-10,48.51270062951859,13.98468993977832,13196.316,13196.316,-28.333333333333332,13,173.7,114,3.1
1688809759,OL7M-10,48.50999931745273,13.99781059838395,13393.8264,13393.8264,-28.333333333333332,12,168.3,115,3.29
1688809820,OK1JRA-15,48.508878364826764,14.010673989173739,13596.5184,13596.5184,-27.77777777777778,12,163.4,116,3.38
1688809880,OK1JRA-15,48.507875545381516,14.024855221224072,13780.008,13780.008,-27.22222222222222,12,159,117,3.06
1688809941,OK0EB-10,48.5059224101269,14.03896294818415,13979.3472,13979.3472,-27.77777777777778,12,154.3,118,3.32
1688810001,DO5MKK-15,48.50397977559946,14.050708011529792,14168.9328,14168.9328,-26.11111111111111,12,149.9,119,3.16
1688810061,OK1JRA-15,48.50512172967978,14.061849283062855,14371.320000000002,14371.320000000002,-26.666666666666664,12,145.5,120,3.37
1688810121,OK0EB-10,48.50666796175635,14.07523771021144,14570.3544,14570.3544,-28.333333333333332,12,141.3,121,3.32
1688810182,OK0EB-10,48.506977733208025,14.089061917537776,14776.0944,14776.0944,-27.22222222222222,12,137,122,3.43
1688810242,OK0EB-10,48.50641069394055,14.097893029092262,14984.2728,14984.2728,-28.333333333333332,12,132.8,123,3.47
1688810303,OK1KHL-10,48.5053684967684,14.104996771026407,15174.468,15174.468,-28.333333333333332,11,129.1,124,3.17
1688810363,OK0EB-10,48.50355712133065,14.111995505688782,15368.930400000001,15368.930400000001,-28.333333333333332,11,125.4,125,3.24
1688810423,OK0EB-10,48.50122333471593,14.117697400544984,15574.6704,15574.6704,-28.333333333333332,11,121.6,126,3.43
1688810484,OK0EB-10,48.5019163827095,14.120973627423695,15797.174400000002,15797.174400000002,-26.666666666666664,11,117.6,127,3.71
1688810544,OK0EB-10,48.504318424050865,14.126307996828785,16019.6784,16019.6784,-25.555555555555554,11,113.7,128,3.71
1688810605,OK0EB-10,48.50800680447121,14.134677076387533,16229.076000000001,16229.076000000001,-27.22222222222222,11,110.3,129,3.49
1688810666,OK0EB-10,48.50968954600106,14.145818347920596,16433.9016,16433.9016,-27.77777777777778,11,106.9,130,3.41
1688810726,OK1JRA-15,48.50847146164872,14.15686511290906,16631.716800000002,16631.716800000002,-30.555555555555554,11,103.8,131,3.3
1688810786,OK0EB-10,48.50716937147897,14.163044790851757,16827.0936,16827.0936,-28.88888888888889,11,100.7,132,3.26
1688810804,OK0EB-10,48.507174621842566,14.163695835936636,16890.1872,16890.1872,-28.88888888888889,11,99.8,133,1.05
1688810814,OE3XFW-11,48.50728225429611,14.164194620477474,16927.3728,16927.3728,-28.88888888888889,11,99.2,134,0.62
1688810874,DO5MKK-15,48.50965279345595,14.167549602809999,17141.952,17141.952,-30,11,96.1,135,3.58
1688810930,OK0EB-10,48.51144841780293,14.170699820962597,17339.157600000002,17339.157600000002,-31.11111111111111,11,93.3,136,3.29
1688810943,OK0EB-10,48.511401164530646,14.170894084415352,17380.9152,17380.9152,-31.11111111111111,11,92.6,138,0.32
1688810957,OK0EB-10,48.511443167439346,14.170930836960451,17427.2448,17427.2448,-30.555555555555554,11,92,140,0.38
1688810970,DF9PM-5,48.51142479116679,14.170993841323508,17447.9712,17447.9712,-30.555555555555554,11,91.7,141,0.35
1688810977,OK0EB-10,48.51153504880213,14.171172353685506,17492.7768,17492.7768,-31.11111111111111,11,91.1,143,0.34
1688810989,OK0EB-10,48.51169255970976,14.17142962150129,17536.0584,17536.0584,-30.555555555555554,11,90.5,144,0.72
1688811004,OK2ULQ-11,48.51191307498044,14.171891653497,17584.8264,17584.8264,-29.444444444444443,11,89.9,146,0.41
1688811050,OK0EB-10,48.51281876269932,14.174511584927245,17742.7128,17742.7128,-29.444444444444443,11,87.8,147,2.63
1688811061,OK1RPL-14,48.51285289006264,14.174973616922983,17765.8776,17765.8776,-29.444444444444443,11,87.6,148,0.39
1688811088,OK0EB-10,48.513475058147776,14.1762809574563,17867.9856,17867.9856,-30.555555555555554,11,86.2,149,1.7
1688811100,OK1FWG-10,48.513637819418996,14.176637982180267,17892.0648,17892.0648,-30.555555555555554,11,85.8,150,0.4
1688811120,DO5MKK-15,48.514002719688335,14.177241773992847,17976.1896,17976.1896,-29.444444444444443,11,84.7,151,1.4
1688811133,OK1JRA-15,48.51401584559731,14.177530543990173,18018.252,18018.252,-28.333333333333332,11,84.2,153,0.31
1688811145,OK1FWG-10,48.51404472259704,14.177572546898887,18042.3312,18042.3312,-28.333333333333332,11,84,154,0.4
1688811150,OK1JRA-15,48.51416285577776,14.177803562896742,18075.2496,18075.2496,-28.333333333333332,11,83.5,155,0.55
1688811169,DL1ZM-10,48.51446212650226,14.178507111617478,18143.22,18143.22,-28.88888888888889,11,82.6,157,0.75
1688811185,OK9TVR-14,48.5145723841376,14.179247412883342,18203.5704,18203.5704,-28.333333333333332,11,81.8,158,1.01
1688811229,OK0EB-10,48.513267668786064,14.18020822941989,18369.3816,18369.3816,-29.444444444444443,11,79.9,160,2.28
1688811243,OK0EB-10,48.51286339078981,14.18020822941989,18413.5776,18413.5776,-30,11,79.4,162,0.41
1688811256,OK0EB-10,48.512556244519935,14.180134724329662,18459.9072,18459.9072,-29.444444444444443,11,78.9,163,0.77
1688811265,OE5PON-11,48.512997275061295,14.180218730147061,18388.8888,18388.8888,-29.444444444444443,11,79.7,161,0.33
1688811270,OE5ERN-11,48.51230422706772,14.180097971784534,18504.7128,18504.7128,-29.444444444444443,11,78.3,165,0.39
1688811281,OK1FWG-10,48.512167717614446,14.18001921633072,18528.792,18528.792,-29.444444444444443,11,78,166,0.4
1688811294,OK1FWG-10,48.512133590251125,14.17998246378562,18573.902400000003,18573.902400000003,-30,11,77.5,168,0.4
1688811305,OK0EB-10,48.512070585888075,14.180192478329133,18626.6328,18626.6328,-30,11,76.9,170,0.5
1688811322,OK0EB-10,48.51217296797803,14.180334238146003,18683.3256,18683.3256,-28.88888888888889,11,76.3,172,0.55
1688811341,OK0EB-10,48.51231210261311,14.180733265778656,18746.724000000002,18746.724000000002,-29.444444444444443,11,75.6,174,0.72
1688811353,OK1FWG-10,48.512393483248715,14.180885526322697,18772.3272,18772.3272,-28.88888888888889,11,75.2,175,0.43
1688811382,OK0EB-10,48.51343305523908,14.181809590314117,18884.7984,18884.7984,-27.77777777777778,11,73.9,176,1.87
1688811405,OK0EB-10,48.51386883541685,14.182523639762053,18963.4368,18963.4368,-27.22222222222222,11,73.1,178,0.9
1688811418,OK1JRA-15,48.51401584559731,14.182875414122435,19007.0232,19007.0232,-27.22222222222222,11,72.6,180,0.36
1688811430,OK1FWG-10,48.51410772696009,14.182948919212663,19031.1024,19031.1024,-27.77777777777778,11,72.5,181,0.4
1688811438,OK1JRA-15,48.51423898604978,14.183216687755618,19075.2984,19075.2984,-27.22222222222222,11,71.9,183,0.34
1688811450,OL7M-10,48.51449887904737,14.183447703753473,19100.9016,19100.9016,-27.77777777777778,11,71.7,184,0.43
1688811465,OE5PON-11,48.5135511884198,14.182192866856042,18909.4872,18909.4872,-27.77777777777778,11,73.7,177,0.41
1688811477,OK1JRA-15,48.51503704131511,14.184728792468889,19208.496,19208.496,-29.444444444444443,11,70.5,185,1.79
1688811496,OK1FWG-10,48.51510267085996,14.184959808466743,19253.911200000002,19253.911200000002,-28.88888888888889,11,70,187,0.37
1688811506,OE6PWE-4,48.51527593285835,14.185264329554826,19300.2408,19300.2408,-29.444444444444443,11,69.5,189,0.43
1688811522,DB0WTH-12,48.51544656967495,14.185316833190711,19349.9232,19349.9232,-28.333333333333332,11,69.1,191,0.37
1688811536,OK1FWG-10,48.515656584218455,14.185448092280382,19402.9584,19402.9584,-28.333333333333332,11,68.5,193,0.43
1688811549,OK1FWG-10,48.515625082036934,14.185474344098338,19451.4216,19451.4216,-28.333333333333332,11,68.1,195,0.46
1688811557,DK1KT-13,48.515530575492356,14.185647606096722,19480.0728,19480.0728,-28.333333333333332,11,67.8,196,0.48
1688811563,OK1FWG-10,48.51546494594751,14.185327333917883,19503.2376,19503.2376,-28.333333333333332,11,67.5,197,0.39
1688811570,DL1ZM-10,48.51529430913091,14.184933556648787,19553.8344,19553.8344,-28.88888888888889,11,67,198,0.84
1688811581,OK1RPL-14,48.51510004567816,14.184434772107977,19579.7424,19579.7424,-28.88888888888889,11,66.8,199,0.43
1688811638,DK5RQ-10,48.51374020150895,14.178984894703945,19790.664,19790.664,-27.77777777777778,11,64.7,200,3.52
1688811698,OK0EB-10,48.514716769136264,14.175367394192051,20000.366400000003,20000.366400000003,-25,11,62.7,201,3.5
1688811715,OK0EB-10,48.51480077495366,14.174936864377855,20059.497600000002,20059.497600000002,-25,11,62.3,202,0.99
1688811726,DB0WTH-12,48.514792899408285,14.174537836745202,20084.796000000002,20084.796000000002,-25,11,62,203,0.42
1688811741,OK0EB-10,48.51507641904202,14.173939295296208,20151.5472,20151.5472,-25,11,61.4,204,1.11
1688811801,DL1ZM-10,48.51701905356946,14.17110934932245,20358.2016,20358.2016,-26.11111111111111,11,59.6,205,3.44
1688811821,OK0EB-10,48.51733407538472,14.170264040784815,20428.9152,20428.9152,-26.11111111111111,11,59,207,0.76
1688811832,OK1RPL-14,48.51755196547361,14.169943768605975,20452.6896,20452.6896,-26.11111111111111,11,58.8,208,0.4
1688811840,OK1JRA-15,48.51770947638124,14.16966549933582,20494.1424,20494.1424,-26.11111111111111,11,58.4,209,0.69
1688811852,OE5PON-11,48.51719756593144,14.170804828234367,20383.195200000002,20383.195200000002,-26.11111111111111,11,59.4,206,0.42
1688811859,OK1FWG-10,48.51783285992555,14.16939248042928,20538.948,20538.948,-26.666666666666664,11,58.1,211,0.36
1688811864,OK1RPL-14,48.51807175146879,14.169481736610265,20562.4176,20562.4176,-26.666666666666664,11,57.8,212,0.39
1688811870,OK0EB-10,48.51826864010333,14.169292723521096,20596.2504,20596.2504,-26.666666666666664,11,57.6,213,0.56
1688811883,OK0EB-10,48.51847602946504,14.169282222793925,20638.3128,20638.3128,-26.666666666666664,11,57.2,215,0.36
1688811896,OK1JRA-15,48.51864404109985,14.168804439707458,20680.68,20680.68,-26.11111111111111,11,56.8,217,0.33
1688811913,OK0DV-10,48.518609913736526,14.168011634805708,20737.677600000003,20737.677600000003,-26.11111111111111,11,56.4,219,0.54
1688811926,OK1JRA-15,48.51861253891832,14.167166326268102,20784.0072,20784.0072,-26.11111111111111,11,56,221,0.44
1688811986,OK1KHL-10,48.519365966093154,14.162740269763674,20993.4048,20993.4048,-26.11111111111111,11,54.4,222,3.49
1688812046,OK1KHL-10,48.519237332185256,14.15878149561857,21200.9736,21200.9736,-24.444444444444443,11,52.8,223,3.46
1688812107,OK1JRA-15,48.519539228091546,14.154470947113083,21407.0184,21407.0184,-23.88888888888889,11,51.3,224,3.43
1688812167,OK1JRA-15,48.51902994282354,14.148490782986727,21612.758400000002,21612.758400000002,-22.77777777777778,11,49.8,225,3.43
1688812200,OK0EB-10,48.51941584454723,14.145881352283652,21727.3632,21727.3632,-23.333333333333332,11,48.9,226,1.91
1688812222,OK1KHL-10,48.51950247554643,14.14440600011551,21805.0872,21805.0872,-24.444444444444443,11,48.4,227,1.3
1688812282,OK1JRA-15,48.51974924263505,14.138698854895694,22019.9712,22019.9712,-24.444444444444443,11,47,228,3.58
1688812333,DG1MSR-10,48.51869129437213,14.167644109354569,20757.794400000002,20757.794400000002,-26.11111111111111,11,56.2,220,0.34
1688812342,DO5MKK-15,48.52116421562193,14.133758262759699,22229.3688,22229.3688,-24.444444444444443,11,45.6,229,3.49
1688812403,DB9SR-10,48.5227130728803,14.127715094270286,22437.852000000003,22437.852000000003,-22.77777777777778,11,44.4,230,3.47
1688812463,OK0EB-10,48.525516767036116,14.120422339247,22649.9928,22649.9928,-22.22222222222222,11,43,231,3.54
1688812523,DB9SR-10,48.527593285835046,14.11687309346172,22881.945600000003,22881.945600000003,-21.666666666666668,11,41.7,232,3.87
1688812584,OK0EB-10,48.526976368113495,14.111732987509384,23121.213600000003,23121.213600000003,-21.666666666666668,11,40.3,233,3.99
1688812644,OK0EB-10,48.52835721373705,14.10417771430673,23342.193600000002,23342.193600000002,-22.22222222222222,11,39.1,234,3.68
1688812704,OK1JRA-15,48.52856722828056,14.09758850800418,23565.307200000003,23565.307200000003,-21.11111111111111,10,38,235,3.72
1688812765,OK1JRA-15,48.52912376682085,14.090663278432032,23803.0512,23803.0512,-20.555555555555554,11,36.7,236,3.96
1688812825,OK0EB-10,48.53080388316891,14.083942813039812,24052.3776,24052.3776,-19.444444444444443,10,35.5,237,4.16
1688812886,OK1JRA-15,48.532378992245214,14.076156523839273,24292.2552,24292.2552,-20,10,34.4,238,4
1688812947,OK1JRA-15,48.53419299286475,14.070512382982514,24513.235200000003,24513.235200000003,-20.555555555555554,10,33.4,239,3.68
1688813007,OK0EB-10,48.535114431674394,14.06338238923044,24732.0816,24732.0816,-21.11111111111111,11,32.4,240,3.65
1688813067,OK0EB-10,48.53734846138095,14.055716858392458,24967.692000000003,24967.692000000003,-22.77777777777778,11,31.4,241,3.93
1688813127,OK1JRA-15,48.53888419273034,14.05114904207116,25219.152000000002,25219.152000000002,-20,11,30.4,242,4.19
1688813188,DB9SR-10,48.538679428550424,14.046717735203174,25476.098400000003,25476.098400000003,-20.555555555555554,10,29.4,243,4.28
1688813249,OK0EB-10,48.53894982227519,14.037771115649747,25740.9696,25740.9696,-20,11,28.5,244,4.41
1688813310,OK0EB-10,48.539052204365156,14.027711419015759,25996.6968,25996.6968,-20,10,27.5,245,4.26
1688813370,OK9TVR-14,48.53834340528081,14.02077568871644,26244.1944,26244.1944,-18.88888888888889,11,26.6,246,4.12
1688813431,OK1JRA-15,48.5374560938345,14.0103537169949,26505.408000000003,26505.408000000003,-17.77777777777778,10,25.7,247,4.35
1688813492,OK1JRA-15,48.53750072192499,13.998372387287816,26754.1248,26754.1248,-17.22222222222222,10,24.9,248,4.15
1688813552,OK1JRA-15,48.539774129358456,13.987362374844452,26987.9064,26987.9064,-16.11111111111111,10,24.2,249,3.9
1688813613,OK1JRA-15,48.54201865979219,13.979350320009672,27225.9552,27225.9552,-15.555555555555555,10,23.5,250,3.97
1688813674,DB9SR-10,48.54317373978148,13.970891984269912,27478.3296,27478.3296,-16.11111111111111,10,22.8,251,4.21
1688813734,OK1KHL-10,48.54479610213007,13.96089529199898,27706.929600000003,27706.929600000003,-13.88888888888889,10,22.2,252,3.81
1688813794,OK0EB-10,48.54633970902485,13.95132387917863,27961.742400000003,27961.742400000003,-13.333333333333332,10,21.5,253,4.25
1688813855,OK1JRA-15,48.54831647091561,13.942760536167128,28214.726400000003,28214.726400000003,-14.444444444444445,10,20.8,254,4.22
1688813915,OK0EB-10,48.54955030635872,13.93591931241238,28468.6248,28468.6248,-14.444444444444445,10,20.1,255,4.23
1688813975,OK1FWG-10,48.5497681964476,13.929918146831682,28712.16,28712.16,-13.333333333333332,10,19.6,256,4.06
1688814036,OK1JRA-15,48.550658133075714,13.922929912896478,28970.3256,28970.3256,-14.444444444444445,10,19,257,4.3
1688814096,OK0EB-10,48.55233562424198,13.916120191323245,29238.8544,29238.8544,-13.88888888888889,10,18.4,258,4.48
1688814157,DB9SR-10,48.55236450124171,13.907682857037855,29519.2704,29519.2704,-13.333333333333332,10,17.9,259,4.67
1688814217,OK0EB-10,48.55183421451935,13.898442217123545,29778.350400000003,29778.350400000003,-13.88888888888889,10,17.3,260,4.32
1688814278,OK0EB-10,48.550582002803694,13.89208402681885,30035.2968,30035.2968,-11.666666666666666,1,16.8,261,4.28
1688814339,OK0EB-10,48.55005959162672,13.884765019977635,30293.4624,30293.4624,-11.11111111111111,1,16.3,262,4.3
1688814399,OK1JRA-15,48.549413796905434,13.877015483322225,30535.778400000003,30535.778400000003,-12.222222222222221,1,15.9,263,4.04
1688814459,OK1JRA-15,48.54901214409098,13.870148007749549,30794.553600000003,30794.553600000003,-10,1,15.4,264,4.31
1688814519,OK1JRA-15,48.54905414699968,13.859253503305098,31038.393600000003,31038.393600000003,-11.11111111111111,1,15,265,4.06
1688814580,OK0EB-10,48.54996245990035,13.847130413781144,31285.5864,31285.5864,-10,1,14.7,266,4.12
1688814641,OK1FWG-10,48.5515165675223,13.835962890430153,31530.3408,31530.3408,-10,1,14.3,267,4.08
1688814702,OK9TVR-14,48.55363771441172,13.825120889621616,31779.0576,31779.0576,-10.555555555555555,1,13.9,268,4.15
1688814762,OK0EB-10,48.55550684384894,13.81255151919271,32006.438400000003,32006.438400000003,-10.555555555555555,1,13.5,269,3.79
1688814823,OK0EB-10,48.55719221056058,13.80084845875578,32230.771200000003,32230.771200000003,-10,1,13.2,270,3.74
1688814884,OK1JRA-15,48.56019804371453,13.789281907772107,32469.7344,32469.7344,-10,1,12.9,271,3.98
1688814944,OK0EB-10,48.56247932669337,13.778324398964628,32710.526400000002,32710.526400000002,-8.88888888888889,1,12.6,272,4.01
1688815004,OK1FWG-10,48.564776360762984,13.76831195560294,32952.8424,32952.8424,-10,1,12.3,273,4.04
1688815065,OK1FWG-10,48.56622808629498,13.758583031874963,33186.624,33186.624,-8.333333333333334,1,12,274,3.9
1688815126,OK1FWG-10,48.565661047027504,13.746575450349923,33364.0176,33364.0176,-6.666666666666666,9,11.8,275,2.96
1688815186,OK1JRA-15,48.56495224794317,13.731475404671784,33537.4488,33537.4488,-6.666666666666666,1,11.6,276,2.89
1688815246,OK0EB-10,48.56461884985535,13.718291741703126,33758.7336,33758.7336,-6.666666666666666,1,11.4,277,3.69
1688815307,OK1FWG-10,48.56471860676352,13.70435202637782,33989.4672,33989.4672,-7.777777777777778,1,11.1,278,3.85
1688815368,OK1FWG-10,48.56595769257021,13.69180890776687,34179.052800000005,34179.052800000005,-8.88888888888889,1,10.9,279,3.16
1688815428,OK0EB-10,48.5661755826591,13.680032342239713,34345.1688,34345.1688,-8.333333333333334,1,10.7,280,2.77
1688815488,OK1FWG-10,48.567005140105955,13.668502543801168,34500.312000000005,34500.312000000005,-6.666666666666666,1,10.6,281,2.59
1688815548,DF3WE-12,48.56774281619002,13.656169439733702,34660.6368,34660.6368,-7.222222222222222,1,10.4,282,2.67
1688815609,OK0EB-10,48.56814184382269,13.643048781128101,34801.7592,34801.7592,-6.111111111111111,1,10.2,283,2.35
1688815669,OK1JRA-15,48.566939510561106,13.632248783228249,34923.984000000004,34923.984000000004,-5.555555555555555,9,10.2,284,2.04
1688815729,OK0EB-10,48.565532413119605,13.619857925161313,35069.0688,35069.0688,-5.555555555555555,9,10,285,2.42
1688815790,OK1JRA-15,48.564290702131125,13.608464636176052,35233.9656,35233.9656,-8.333333333333334,1,9.9,286,2.75
1688815850,OK0EB-10,48.56315399841439,13.594671931031229,35399.1672,35399.1672,-6.666666666666666,1,9.8,287,2.75
1688815910,DF3WE-12,48.563445393593504,13.578705575361084,35538.7656,35538.7656,-8.88888888888889,1,9.7,288,2.33
1688815971,DF3WE-12,48.56525676903126,13.561647144064722,35646.969600000004,35646.969600000004,-8.88888888888889,1,9.5,289,1.8
1688816032,DF3WE-12,48.568656379454275,13.545339514761395,35757.3072,35757.3072,-8.333333333333334,1,9.4,290,1.84
1688816092,DF3WE-12,48.57216624751264,13.531363046890988,35870.0832,35870.0832,-9.444444444444445,1,9.4,291,1.88
1688816157,F4EWJ-10,48.57559473493539,13.519071945732236,35970.972,35970.972,-6.111111111111111,1,9.3,292,1.68
1688816212,OK0EB-10,48.57901534681277,13.507615652383919,36031.0176,36031.0176,-4.444444444444445,9,9.3,293,1
1688816273,DF3WE-12,48.582050056966445,13.496185610853559,36060.888,36060.888,-6.666666666666666,1,9.2,294,0.5
1688816334,DF3WE-12,48.58442322130808,13.484540304416072,36076.128000000004,36076.128000000004,-8.333333333333334,1,9.2,295,0.25
1688816395,OK0EB-10,48.58622934638224,13.472427715619318,36106.3032,36106.3032,-8.333333333333334,1,9.2,296,0.5
1688816455,OK0EB-10,48.58748418327969,13.45931755774086,36185.2464,36185.2464,-2.2222222222222223,9,9.2,297,1.32
1688816515,OK1JRA-15,48.588578884087724,13.445839874411291,36251.0832,36251.0832,-5,9,9.1,298,1.1
1688816575,DL3SDN-10,48.589649958259606,13.432236182355638,36277.296,36277.296,-3.888888888888889,9,9,299,0.44
1688816636,DF3WE-12,48.59069478061356,13.418795251571169,36297.7176,36297.7176,-3.888888888888889,9,9,300,0.34
1688816697,OK0DV-10,48.59190761460231,13.405013047153517,36332.16,36332.16,0,9,9,301,0.57
1688816757,DF3WE-12,48.59294193622908,13.391173088736394,36372.088800000005,36372.088800000005,-1.1111111111111112,9,9,302,0.67
1688816817,OK0EB-10,48.593508975496555,13.37700235741326,36415.675200000005,36415.675200000005,0,9,9,303,0.73
1688816877,OK1JRA-15,48.59393950531074,13.362553356819973,36426.648,36426.648,1.6666666666666665,9,8.9,304,0.18
1688816938,OK1FWG-10,48.59428340412573,13.348282868588655,36417.1992,36426.648,0,9,8.9,305,-0.16
1688816999,OK1FWG-10,48.594254527126004,13.333513595816498,36441.2784,36441.2784,-1.1111111111111112,9,8.9,306,0.4
1688817059,OK1FWG-10,48.59362973385907,13.317878013052393,36485.4744,36485.4744,2.7777777777777777,9,9,307,0.74
1688817119,OK1JRA-15,48.592427400597494,13.301486377931667,36500.1048,36500.1048,3.333333333333333,9,8.8,308,0.24
1688817180,DF3WE-12,48.59121456660874,13.284590707906517,36472.9776,36500.1048,0,9,8.8,309,-0.45
1688817241,OK0EB-10,48.59013299170967,13.268088815150463,36462.3096,36500.1048,0,9,8.8,310,-0.18
1688817301,DF3WE-12,48.58936118826229,13.252883762200526,36515.9544,36515.9544,-3.333333333333333,9,8.8,311,0.89
1688817362,DF3WE-12,48.58898578726577,13.23902280232906,36599.1648,36599.1648,-5.555555555555555,9,8.7,312,1.39
1688817422,DF3WE-12,48.588765271995086,13.225875891905503,36643.3608,36643.3608,-7.222222222222222,9,8.7,313,0.74
1688817483,OK0EB-10,48.58848175236135,13.21256622021076,36624.768000000004,36643.3608,-6.111111111111111,9,8.7,314,-0.31
1688817544,OK0EB-10,48.58803284627461,13.198237977979971,36598.86,36643.3608,-6.111111111111111,9,8.7,315,-0.43
1688817604,DF3WE-12,48.58741592855305,13.184146002110651,36632.0832,36643.3608,-1.6666666666666665,9,8.8,316,0.55
1688817665,OK1JRA-15,48.587098281555996,13.171114599686035,36722.6088,36722.6088,3.333333333333333,9,8.7,317,1.51
1688817726,OK1JRA-15,48.58758131500606,13.158188204533161,36805.5144,36805.5144,1.1111111111111112,9,8.6,318,1.38
1688817786,OK0EB-10,48.58845550054341,13.14548232465097,36824.412000000004,36824.412000000004,2.7777777777777777,9,8.6,319,0.31
1688817846,DF3WE-12,48.58932181053538,13.13246667331714,36790.5792,36824.412000000004,5.555555555555555,9,8.5,320,-0.56
1688817907,DF3WE-12,48.590256375253986,13.118820978352744,36783.8736,36824.412000000004,1.1111111111111112,9,8.5,321,-0.11
1688817967,OK1JRA-15,48.59118043924542,13.10404645521703,36825.936,36825.936,-1.6666666666666665,9,8.5,322,0.7
1688818028,DF3WE-12,48.592382772506994,13.088316365908327,36880.495200000005,36880.495200000005,1.1111111111111112,9,8.5,323,0.91
1688818088,DF3WE-12,48.593619233131896,13.072097992786013,36896.649600000004,36896.649600000004,5,8,8.5,324,0.27
1688818149,OK1JRA-15,48.59496595139213,13.056467660385493,36880.1904,36896.649600000004,3.333333333333333,9,8.5,325,-0.27
1688818209,OK1JRA-15,48.59645705465103,13.040674566713733,36881.1048,36896.649600000004,5,9,8.5,326,0.02
1688818270,OK1JRA-15,48.597919280910205,13.02458745268109,36922.5576,36922.5576,6.111111111111111,8,8.4,327,0.69
1688818330,OK1JRA-15,48.59926337398865,13.008237820469077,36973.764,36973.764,2.7777777777777777,9,8.3,328,0.85
1688818391,OK1JRA-15,48.60052346124969,12.991609918986882,37000.5864,37000.5864,-0.5555555555555556,9,8.3,329,0.45
1688818452,OK1JRA-15,48.60177042260177,12.97492951386883,36994.7952,37000.5864,3.888888888888889,9,8.4,330,-0.1
1688818512,OK1JRA-15,48.602975381045134,12.958621884565503,36998.148,37000.5864,6.111111111111111,8,8.3,331,0.06
1688818573,DL3SDN-10,48.604156712852365,12.942330006352933,37030.4568,37030.4568,6.111111111111111,8,8.3,332,0.54
1688818633,DF3WE-12,48.605280290660126,12.92550784141801,37084.1016,37084.1016,3.888888888888889,9,8.3,333,0.89
1688818694,DL1ZM-10,48.606306736741516,12.907682857037855,37117.9344,37117.9344,8.333333333333334,8,8.3,334,0.56
1688818755,DF3WE-12,48.60735943464085,12.890136141927826,37117.6296,37117.9344,4.444444444444445,8,8.2,335,-0.01
1688818815,DF3WE-12,48.60840950735838,12.87351874117283,37111.8384,37117.9344,3.333333333333333,9,8.2,336,-0.1
1688818876,DK5RQ-10,48.60971947307351,12.857799152591326,34898.076,37117.9344,0.5555555555555556,9,9.7,337,-36.9
1688818936,OK1JRA-15,48.610543780156775,12.845707565248887,31609.5888,37117.9344,-3.888888888888889,9,13.6,338,-54.81
1688818951,OK1JRA-15,48.61094805815303,12.843350151998038,30983.5296,37117.9344,-6.111111111111111,9,14.7,339,-10.43
1688818973,OK1JRA-15,48.610654037792116,12.839627644214374,30108.448800000002,37117.9344,-7.777777777777778,9,16.2,341,-7.93
1688818983,OK1JRA-15,48.6106592881557,12.8384620634979,29728.972800000003,37117.9344,-7.777777777777778,8,16.9,342,-6.32
1688818995,OK1FWG-10,48.61019725615999,12.83789502423042,29462.882400000002,37117.9344,-8.88888888888889,9,17.4,343,-4.43
1688819003,OL7M-10,48.60985860770858,12.836577182969933,28995.3192,37117.9344,-9.444444444444445,9,18.4,344,-7.79
1688819019,OL7M-10,48.61075116951849,12.835322346072473,28449.422400000003,37117.9344,-10,9,19.7,346,-5.64
1688819033,DK1KT-13,48.610696040700816,12.83487606516752,28220.517600000003,37117.9344,-10,9,20.2,347,-3.82
1688819040,DF2NU-L4,48.61061466006521,12.83505457752949,27891.3336,37117.9344,-11.11111111111111,9,21.1,348,0
1688819056,OK1JRA-15,48.61070129106441,12.832508151189472,27225.9552,37117.9344,-12.777777777777777,9,22.9,350,-7.29
1688819063,OK1JRA-15,48.61093755742585,12.831521082834996,26996.4408,37117.9344,-14.444444444444445,9,23.6,351,-3.83
1688819094,OE5PON-11,48.61026026052304,12.836440673516648,27787.7504,37117.9344,-9.444444444444445,9,18.9,345,-3.46
1688819118,DH0IAM-10,48.610113250342586,12.822506208554955,25430.3784,37117.9344,-20,9,28.5,352,-26.1
1688819129,OK1RPL-15,48.609659093892255,12.822558712190812,25260.300000000003,37117.9344,-21.666666666666668,1,29.9,353,-2.83
1688819136,F4EWJ-10,48.609960989798545,12.822023175104874,25057.303200000002,37117.9344,-24.444444444444443,1,30.7,354,-3.38
1688819145,OK0DV-10,48.60980347889091,12.820248552212234,24680.875200000002,37117.9344,-28.88888888888889,10,32.3,356,-3.09
1688819164,OK1FWG-10,48.60947008080309,12.819581756036598,24346.814400000003,37117.9344,-31.11111111111111,10,33.9,358,-2.48
1688819170,OK1RPL-14,48.61003449488877,12.818326919139139,24166.3728,37117.9344,-32.22222222222222,10,34.7,359,-3.01
1688819190,OK0EB-10,48.61234728004914,12.815570478255609,23607.0648,37117.9344,-35.55555555555556,10,37.7,360,-9.32
1688819205,OK0DV-10,48.612683303318754,12.813906112998325,23224.8456,37117.9344,-36.11111111111111,10,39.5,361,-6.37
1688819224,OK1JRA-15,48.61273318177284,12.812147241196442,22792.0296,37117.9344,-37.77777777777778,10,42,362,-7.21
1688819236,OK1FWG-10,48.612436536230135,12.81190047410783,22643.896800000002,37117.9344,-37.77777777777778,10,42.9,363,-2.47
1688819281,OK1JRA-15,48.61363886949171,12.80708589069792,21651.468,37117.9344,-40.55555555555556,11,49.5,364,-16.54
1688819295,OK1JRA-15,48.61422428503174,12.805411024713464,21388.1208,37117.9344,-41.666666666666664,11,51.5,366,-2.01
1688819308,OK1JRA-15,48.614371295212194,12.804140436725248,21099.780000000002,37117.9344,-41.666666666666664,11,53.6,368,-2.38
1688819322,OK1JRA-15,48.614447425484215,12.802854097646275,20816.6208,37117.9344,-42.77777777777778,11,55.7,370,-2.35
1688819336,DK5RQ-10,48.61395651648877,12.802066543108111,20563.332000000002,37117.9344,-42.77777777777778,11,57.9,372,-2.25
1688819349,OK1JRA-15,48.613919763943656,12.801494253477046,20292.06,37117.9344,-43.333333333333336,11,59.9,374,-2.22
1688819361,OK1FWG-10,48.614350293757845,12.801163480571034,20159.472,37117.9344,-43.333333333333336,10,60.8,375,-2.21
1688819368,DC2MH-10,48.61419015766842,12.80126323747919,20026.884000000002,37117.9344,-43.888888888888886,11,62.5,376,-2.21
1688819375,OK1FWG-10,48.61437917075757,12.800354924578528,19915.0224,37117.9344,-45,11,63.7,377,-1.86
1688819386,DK5RQ-10,48.61422691021353,12.799189343862054,19612.356,37117.9344,-46.11111111111111,11,66.3,378,-5.04
1688819398,OK1FWG-10,48.61448680321112,12.798664307503287,19505.0664,37117.9344,-46.666666666666664,11,67.7,379,-1.79
1688819405,DC2MH-10,48.61400902012464,12.798638055685359,19379.7936,37117.9344,-46.666666666666664,11,68.8,380,-2.09
1688819410,DB0WTH-12,48.61426103757685,12.798475294414146,19260.0072,37117.9344,-46.666666666666664,11,70,381,-2
1688819418,DC2MH-10,48.61409827630563,12.798842819865285,19140.830400000003,37117.9344,-47.22222222222222,11,71.2,382,-1.99
1688819424,DB0WTH-12,48.614329292303495,12.798727311866344,19023.177600000003,37117.9344,-47.77777777777778,11,72.5,383,-1.96
1688819432,DC2MH-10,48.61428991457658,12.799430860587108,18920.7648,37117.9344,-48.33333333333333,11,73.7,384,-1.71
1688819439,OK1FWG-10,48.614360794485016,12.799152591316954,18806.16,37117.9344,-48.33333333333333,11,75,385,-1.91
1688819446,DC2MH-10,48.61447367730215,12.799840388946933,18689.1168,37117.9344,-48.888888888888886,11,76.3,386,-1.95
1688819452,OK1FWG-10,48.61474144584513,12.799420359859909,18572.988,37117.9344,-49.44444444444444,11,77.6,387,-1.94
1688819461,OK9TVR-14,48.61501708993348,12.799877141492061,18348.0456,37117.9344,-50,11,80.4,389,-1.87
1688819474,OK0DV-10,48.61536886429385,12.800496684395398,18137.4288,37117.9344,-50.55555555555556,11,83,391,-1.86
1688819486,OK1FWG-10,48.61555525220121,12.80096921711828,18029.5296,37117.9344,-51.11111111111111,11,84.4,392,-1.8
1688819493,DC2MH-10,48.615206103022636,12.801005969663407,17921.3256,37117.9344,-51.11111111111111,11,85.6,393,-1.8
1688819500,OK1FWG-10,48.6155631277466,12.801352493660175,17812.8168,37117.9344,-51.11111111111111,11,87,394,-1.81
1688819507,DC2MH-10,48.61547912192919,12.8016885169298,17724.4248,37117.9344,-51.11111111111111,11,88.5,395,-1.47
1688819515,DH0IAM-10,48.61576264156293,12.802224054015738,17511.6744,37117.9344,-51.11111111111111,11,91.2,397,-1.76
1688819529,OK1JRA-15,48.616206297286084,12.80303786037183,17301.972,37117.9344,-51.666666666666664,11,93.9,399,-1.75
1688819545,OK1JRA-15,48.61702272882397,12.80360489963931,17069.4096,37117.9344,-52.22222222222222,11,97.5,400,-3.88
1688819557,OK1FWG-10,48.61684421646199,12.803872668182265,16972.1784,37117.9344,-51.666666666666664,11,98.9,401,-1.62
1688819562,OK1JRA-15,48.61690459564325,12.804371452723103,16829.532,37117.9344,-51.666666666666664,11,100.9,402,-2.38
1688819575,OK0DV-10,48.61647669101085,12.805279765623766,16650.9192,37117.9344,-51.11111111111111,11,103.9,404,-1.61
1688819586,DB0WTH-12,48.61617479510456,12.80644534634024,16554.2976,37117.9344,-51.11111111111111,11,105.3,405,-1.61
1688819642,OK1KHL-10,48.61794416763361,12.81474092080876,15792.602400000002,37117.9344,-51.11111111111111,11,118.1,406,-12.69
1688819663,DL1ZM-10,48.618739597717145,12.816184770795388,15545.4096,37117.9344,-50,11,122.5,407,-4.12
1688819676,OK1JRA-15,48.61842195072009,12.817418606238476,15374.112000000001,37117.9344,-49.44444444444444,11,125.6,409,-1.45
1688819737,DL3SDN-10,48.617702650908576,12.826527987063116,14617.9032,37117.9344,-47.77777777777778,11,140.5,410,-12.6
1688819797,OK1JRA-15,48.61673658400844,12.838199545318503,13914.12,37117.9344,-48.888888888888886,11,156.2,411,-11.73
1688819858,OK1JRA-15,48.61342360458462,12.851656227193729,13249.9608,37117.9344,-48.33333333333333,11,172.7,412,-11.07
1688819918,OK1JRA-15,48.6089581703533,12.86917669048583,12620.244,37117.9344,-49.44444444444444,11,189.8,413,-10.5
1688819979,OK1JRA-15,48.60372618303818,12.890493166651794,12048.1344,37117.9344,-51.666666666666664,12,207.2,414,-9.54
1688820040,OK1KHL-10,48.59845744317794,12.915358888603038,11482.4256,37117.9344,-51.666666666666664,12,226,415,-9.43
1688820100,OK1RPL-14,48.59151646251503,12.939578815832988,10938.052800000001,37117.9344,-48.888888888888886,13,245.2,416,-9.07
1688820160,DK5RQ-10,48.58521340102802,12.963284207431371,10422.3312,37117.9344,-46.11111111111111,15,265.1,417,-8.6
1688820221,OK0EB-10,48.57939337299108,12.986375306489975,9921.24,37117.9344,-42.22222222222222,16,285.1,418,-8.35
1688820281,OK0EB-10,48.57519308212094,13.007166746297173,9459.1632,37117.9344,-38.888888888888886,22,305.2,419,-7.7
1688820342,OL7M-10,48.57084578107034,13.028488472826751,9005.0112,37117.9344,-35.55555555555556,34,325.8,420,-7.57
1688820403,OL7M-10,48.566495854837946,13.048030326100076,8552.688,37117.9344,-32.22222222222222,45,347.3,421,-7.54
1688820463,DL4RS-10,48.56384179604438,13.063314134503827,8111.032800000001,37117.9344,-28.88888888888889,46,369.4,422,-7.36
1688820523,OK0EB-10,48.56179677942698,13.076167024566445,7662.6720000000005,37117.9344,-25.555555555555554,62,392.9,423,-7.47
1688820584,OL7M-10,48.56081758661787,13.088494878270325,7231.989600000001,37117.9344,-21.666666666666668,67,416.6,424,-7.18
1688820645,OL7M-10,48.561003974525235,13.097147477462812,6814.413600000001,37117.9344,-18.88888888888889,66,440.8,425,-6.96
1688820705,OL7M-10,48.55997227808026,13.103138142316368,6398.3616,37117.9344,-15.555555555555555,65,465.7,426,-6.93
1688820766,OL7M-10,48.560119288260715,13.109617090983562,6000.5976,37117.9344,-13.333333333333332,67,491,427,-6.63
1688820826,OK1RPL-14,48.56174690097289,13.115770517108302,5612.892000000001,37117.9344,-11.666666666666666,61,516.4,428,-6.46
1688820887,OK1RPL-14,48.56508875739645,13.121010379968823,5239.8168000000005,37117.9344,-8.88888888888889,48,542.1,429,-6.22
1688820947,DK5RQ-10,48.56668224274531,13.126701774097853,4861.56,37117.9344,-6.666666666666666,59,569,430,-6.3
1688821007,DK5RQ-10,48.567265033103546,13.132587431679639,4500.372,37117.9344,-4.444444444444445,64,595.7,431,-6.02
1688821068,DL0IN-15,48.56793970482456,13.137764290177103,4143.756,37117.9344,-1.6666666666666665,70,623,432,-5.94
1688821128,DB0ADS,48.5680053343694,13.142589374314184,3792.6264,37117.9344,0.5555555555555556,62,651.4,433,-5.85
1688821152,OK0EB-10,48.56793707964277,13.143954468846971,3660.0384000000004,37117.9344,2.2222222222222223,63,662.2,434,-2.21
1688821180,OK0EB-10,48.56779794500769,13.145750093193953,3493.3128,37117.9344,3.333333333333333,62,675.8,435,-2.78
1688821196,DK5RQ-10,48.56768768737235,13.146836918456614,3403.7016000000003,37117.9344,3.888888888888889,62,683.4,436,-1.49
1688821225,DK5RQ-10,48.56718365246793,13.148769052256881,3239.1096000000002,37117.9344,5.555555555555555,62,697.3,437,-2.74
1688821286,DK5RQ-10,48.56538540293916,13.152685823493272,2905.3536000000004,37117.9344,8.333333333333334,48,726.4,438,-5.56
1688821346,OK1RPL-14,48.56292823278012,13.157038374907472,2569.464,37117.9344,11.11111111111111,29,756,439,-5.6
1688821407,OK0EB-10,48.56083333770864,13.160036332516029,2259.7872,37117.9344,13.333333333333332,15,785,440,-5.16
1688821420,OK0EB-10,48.56055506843849,13.16065062505578,2188.1592,37117.9344,13.333333333333332,18,791.6,442,-0.59
1688821434,OK0EB-10,48.56031880207704,13.16065062505578,2118.0552000000002,37117.9344,13.333333333333332,31,798,444,-0.58
1688821447,OK0EB-10,48.56034767907678,13.16087639069005,2053.1328000000003,37117.9344,13.333333333333332,36,804.6,446,-0.59
1688821461,OK0EB-10,48.56013241416968,13.161249166504774,1984.8576,37117.9344,13.333333333333332,41,811.1,448,-0.56
1688821468,DL5RAZ-10,48.560040532806894,13.16112315777869,1950.1104,37117.9344,13.88888888888889,41,814.4,449,-0.58
1688821475,OK0EB-10,48.55984101899057,13.161427678866772,1915.9728,37117.9344,13.88888888888889,42,817.6,450,-0.57
1688821482,DK5RQ-10,48.55991977444438,13.161543186865686,1886.712,37117.9344,14.444444444444445,43,820.8,451,-0.49
1688821488,OE5DXL-10,48.55977801462751,13.161516935047757,1851.9648000000002,37117.9344,14.444444444444445,43,824.1,452,-0.58
1688821502,DK5RQ-10,48.55977801462751,13.1615851897744,1783.3848,37117.9344,15,43,830.6,454,-0.57
1688821509,DK5RQ-10,48.5597412620824,13.161889710862482,1748.028,37117.9344,15.555555555555555,44,834,455,-0.59
1688821516,DK5RQ-10,48.55982264271801,13.161753201409198,1720.9008000000001,37117.9344,15.555555555555555,44,837.3,456,-0.45
1688821529,OE5FHM-10,48.55991977444438,13.161942214498367,1652.6256,37117.9344,16.11111111111111,43,843.7,458,-0.58
1688821543,DK5RQ-10,48.559890897444646,13.161889710862482,1584.0456000000001,37117.9344,16.666666666666668,42,850.3,460,-0.58
1688821550,DK5RQ-10,48.56007203498842,13.161863459044525,1549.9080000000001,37117.9344,17.22222222222222,41,853.7,461,-0.57
1688821557,DK5RQ-10,48.5599959047164,13.161648194137456,1521.5616,37117.9344,17.22222222222222,40,857,462,-0.47
1688821573,DK5RQ-10,48.559922399626174,13.161795204317912,1442.3136000000002,37117.9344,17.77777777777778,41,864.9,463,-1.32
1688821586,DK5RQ-10,48.559985403989224,13.1616219423195,1373.4288000000001,37117.9344,18.333333333333332,45,871.7,465,-0.59
1688821600,DK5RQ-10,48.56040543307624,13.161259667231946,1300.8864,37117.9344,18.88888888888889,45,879,467,-0.59
1688821635,DK5RQ-10,48.56074145634585,13.160325102513355,1129.8936,37117.9344,20.555555555555554,42,897,468,-2.85
1688821642,DK5RQ-10,48.56072570525509,13.160482613420982,1094.8416,37117.9344,20.555555555555554,42,900.5,469,-0.58
1688821648,DL7HMX-10,48.56083858807222,13.160314601786183,1057.656,37117.9344,21.11111111111111,41,904.4,470,-0.62
1688821655,DK5RQ-10,48.56074933189123,13.160088836151914,1021.08,37117.9344,21.11111111111111,41,908.1,471,-0.61
1688821662,DK5RQ-10,48.56076770816379,13.160209594514413,983.2848,37117.9344,21.666666666666668,41,911.9,472,-0.63
1688821669,DK5RQ-10,48.56071257934612,13.160036332516029,942.7464,37117.9344,21.666666666666668,41,916,473,-0.68
1688821676,DK5RQ-10,48.56094622052577,13.159968077789387,913.7904000000001,37117.9344,22.22222222222222,40,919.7,474,-0.48
1688821683,DK5RQ-10,48.560948845707564,13.159779064700217,880.2624000000001,37117.9344,22.77777777777778,39,923.1,475,-0.56
1688821696,DL5RAZ-10,48.56105647816111,13.159595301974662,799.7952,37117.9344,23.333333333333332,39,931.6,477,-0.68
1688821710,DL5RAZ-10,48.56115886025107,13.159290780886579,718.4136000000001,37117.9344,23.88888888888889,38,939.9,479,-0.66
1688821717,DO9LOU-10,48.561048602615735,13.159059764888724,685.4952000000001,37117.9344,24.444444444444443,38,943.9,480,-0.55
1688821723,DO9LOU-10,48.561153609887484,13.158986259798496,649.5288,37117.9344,24.444444444444443,36,947.7,481,-0.6
1688821730,DO9LOU-10,48.5611483595239,13.158650236528871,615.0864,37117.9344,25,36,951.2,482,-0.57
1688821743,OE2XZR-15,48.56116936097825,13.158266959986975,556.26,37117.9344,25.555555555555554,35,957.7,483,-0.98
1688821766,oe5mao-10,48.560993473798064,13.157820679082022,451.10400000000004,37117.9344,26.666666666666664,34,969.5,484,-1.75
